{"0.696515046383209":{"user_id":1},"0.15149398232208955":{"user_id":1},"0.9491984770444721":{"user_id":1},"0.7026696172500984":{"user_id":1},"0.5912115638907716":{"user_id":1},"0.9021254749090104":{"user_id":1},"0.6331358365415625":{"user_id":1}}